<?xml version="1.0" encoding="UTF-8"?>
<teamcity-plugin xmlns:xsi="http://www.w3.org/2001/XMLSchema-instance" xsi:noNamespaceSchemaLocation="urn:schemas-jetbrains-com:teamcity-plugin-v1-xml">
  <info>
    <name>poolmovement</name>
    <display-name>poolmovement</display-name>
    <version>1.1</version>
    <description>Automatic pool movement on idle timeout</description>
    <download-url>Plugin download URL</download-url>
    <email>nitin.aran@gmail.com</email>
    <vendor>
      <name>Nitin Aran</name>
      <url>https://www.viavisolutions.com/en-uk</url>
      <logo>Plugin vendor logo URL</logo>
    </vendor>
  </info>
  <deployment use-separate-classloader="true"/>
</teamcity-plugin>
